first_name,last_name
Alia,Diann
Aurore,Skell
Shirlee,Angelis
Mureil,Sacken
Courtnay,Jeanne
Dolli,Mayeda
Benita,Justinn
Stevana,Joeann
Diena,Giff
Penelopa,Campball
Layla,Boehike
Florencia,Tamar
Giustina,Old
Brandise,Amethist
Adele,Georas
Darlleen,Sisile
Tierney,Cordi
Rani,Posner
Dennie,Shaver
Tilly,Longfellow
Estell,Garek
Viki,Susannah
Zia,Alabaster
Philis,Fabiola
Sheree,Karna
Sharai,Podvin
Bobbi,Girardo
Starla,Flyn
Clo,Merna
Dale,Mott
Gaylene,Dunkin
Cyb,Tayib
Genovera,Schroth
Audrie,Saint
Desirae,Medrek
Annecorinne,Sisile
Vonny,Bryna
Nannie,Aprile
Janis,Karylin
Rubie,Old
Rosaline,Deny
Fayre,Bandeen
Dale,Center
Ardenia,My
Gisela,Arley
Caryl,Nester
Ginnie,Hoenack
Monika,Latini
Ingrid,Halsey
Dyann,Cadmar
Nickie,Eckblad
Emilia,Niccolo
Lolita,Bohlin